Airline,Notes,icao
SkyWest Airlines,,KABE
SkyWest Airlines,,KABQ
SkyWest Airlines,,KABR
SkyWest Airlines,,KABY
SkyWest Airlines,,KACV
SkyWest Airlines,,KAEX
SkyWest Airlines,,KAGS
SkyWest Airlines,,KALB
SkyWest Airlines,,KAPN
SkyWest Airlines,,KASE
SkyWest Airlines,,KATL
SkyWest Airlines,,KATW
SkyWest Airlines,,KAUS
SkyWest Airlines,,KAVL
SkyWest Airlines,,KAVP
SkyWest Airlines,,KAZO
SkyWest Airlines,,KBDL
SkyWest Airlines,,KBFF
SkyWest Airlines,,KBFL
SkyWest Airlines,,KBGR
SkyWest Airlines,,KBHM
SkyWest Airlines,,KBIL
SkyWest Airlines,,KBIS
SkyWest Airlines,,KBJI
SkyWest Airlines,,KBMI
SkyWest Airlines,,KBNA
SkyWest Airlines,,KBOI
SkyWest Airlines,,KBOS
SkyWest Airlines,,KBRD
SkyWest Airlines,,KBRO
SkyWest Airlines,,KBTM
SkyWest Airlines,,KBTR
SkyWest Airlines,,KBUF
SkyWest Airlines,,KBUR
SkyWest Airlines,,KBVT
SkyWest Airlines,,KBZN
SkyWest Airlines,,KCAE
SkyWest Airlines,,KCAK
SkyWest Airlines,,KCDC
SkyWest Airlines,,KCGI
SkyWest Airlines,,KCHA
SkyWest Airlines,,KCHS
SkyWest Airlines,,KCID
SkyWest Airlines,,KCIU
SkyWest Airlines,,KCKB
SkyWest Airlines,,KCLE
SkyWest Airlines,,KCLL
SkyWest Airlines,,KCLT
SkyWest Airlines,,KCMH
SkyWest Airlines,,KCMX
SkyWest Airlines,,KCNY
SkyWest Airlines,,KCOD
SkyWest Airlines,,KCOS
SkyWest Airlines,,KCOU
SkyWest Airlines,,KCPR
SkyWest Airlines,,KCRW
SkyWest Airlines,,KCSG
SkyWest Airlines,,KCVG
SkyWest Airlines,,KCWA
SkyWest Airlines,,KDAL
SkyWest Airlines,,KDAY
SkyWest Airlines,,KDCA
SkyWest Airlines,,KDEN
SkyWest Airlines,,KDFW
SkyWest Airlines,,KDHN
SkyWest Airlines,,KDLH
SkyWest Airlines,,KDRO
SkyWest Airlines,,KDSM
SkyWest Airlines,,KDTW
SkyWest Airlines,,KDVL
SkyWest Airlines,,KEAU
SkyWest Airlines,,KEGE
SkyWest Airlines,,KEKO
SkyWest Airlines,,KELP
SkyWest Airlines,,KESC
SkyWest Airlines,,KEUG
SkyWest Airlines,,KEVV
SkyWest Airlines,,KEWN
SkyWest Airlines,,KEWR
SkyWest Airlines,,KFAR
SkyWest Airlines,,KFAT
SkyWest Airlines,,KFCA
SkyWest Airlines,,KFLG
SkyWest Airlines,,KFNT
SkyWest Airlines,,KFSD
SkyWest Airlines,,KFSM
SkyWest Airlines,,KFWA
SkyWest Airlines,,KGCC
SkyWest Airlines,,KGEG
SkyWest Airlines,,KGFK
SkyWest Airlines,,KGJT
SkyWest Airlines,,KGNV
SkyWest Airlines,,KGRB
SkyWest Airlines,,KGRK
SkyWest Airlines,,KGRR
SkyWest Airlines,,KGSO
SkyWest Airlines,,KGSP
SkyWest Airlines,,KGTF
SkyWest Airlines,,KHDN
SkyWest Airlines,,KHIB
SkyWest Airlines,,KHLN
SkyWest Airlines,,KHPN
SkyWest Airlines,,KHSV
SkyWest Airlines,,KHYS
SkyWest Airlines,,KIAD
SkyWest Airlines,,KIAH
SkyWest Airlines,,KICT
SkyWest Airlines,,KIDA
SkyWest Airlines,,KIMT
SkyWest Airlines,,KIND
SkyWest Airlines,,KINL
SkyWest Airlines,,KISN
SkyWest Airlines,,KITH
SkyWest Airlines,,KJAC
SkyWest Airlines,,KJAX
SkyWest Airlines,,KJFK
SkyWest Airlines,,KJMS
SkyWest Airlines,Seasonal,KKTN
SkyWest Airlines,,KLAN
SkyWest Airlines,,KLAR
SkyWest Airlines,,KLAS
SkyWest Airlines,,KLAX
SkyWest Airlines,,KLBB
SkyWest Airlines,,KLBF
SkyWest Airlines,,KLBL
SkyWest Airlines,,KLEX
SkyWest Airlines,,KLFT
SkyWest Airlines,,KLGA
SkyWest Airlines,,KLGB
SkyWest Airlines,,KLIT
SkyWest Airlines,,KLNK
SkyWest Airlines,,KLSE
SkyWest Airlines,,KLWB
SkyWest Airlines,,KLWS
SkyWest Airlines,,KMAF
SkyWest Airlines,,KMBS
SkyWest Airlines,,KMCI
SkyWest Airlines,,KMDT
SkyWest Airlines,,KMDW
SkyWest Airlines,,KMEI
SkyWest Airlines,,KMEM
SkyWest Airlines,,KMFR
SkyWest Airlines,,KMGM
SkyWest Airlines,,KMHK
SkyWest Airlines,,KMHT
SkyWest Airlines,,KMKE
SkyWest Airlines,,KMKG
SkyWest Airlines,,KMLI
SkyWest Airlines,,KMLU
SkyWest Airlines,Seasonal,KMMH
SkyWest Airlines,,KMOB
SkyWest Airlines,,KMOT
SkyWest Airlines,,KMQT
SkyWest Airlines,,KMRY
SkyWest Airlines,,KMSN
SkyWest Airlines,,KMSO
SkyWest Airlines,,KMSP
SkyWest Airlines,,KMSY
SkyWest Airlines,,KMTJ
SkyWest Airlines,,KOAJ
SkyWest Airlines,,KOAK
SkyWest Airlines,,KOKC
SkyWest Airlines,,KOMA
SkyWest Airlines,,KONT
SkyWest Airlines,,KORD
SkyWest Airlines,,KORF
SkyWest Airlines,,KOTH
SkyWest Airlines,,KPAH
SkyWest Airlines,,KPBG
SkyWest Airlines,,KPDX
SkyWest Airlines,,KPHX
SkyWest Airlines,,KPIA
SkyWest Airlines,,KPIB
SkyWest Airlines,,KPIH
SkyWest Airlines,,KPIT
SkyWest Airlines,,KPLN
SkyWest Airlines,,KPNS
SkyWest Airlines,,KPRC
SkyWest Airlines,,KPSC
SkyWest Airlines,,KPSP
SkyWest Airlines,,KPUB
SkyWest Airlines,,KPVD
SkyWest Airlines,,KPWM
SkyWest Airlines,,KRAP
SkyWest Airlines,,KRDD
SkyWest Airlines,,KRDM
SkyWest Airlines,,KRDU
SkyWest Airlines,,KRHI
SkyWest Airlines,,KRIC
SkyWest Airlines,,KRKS
SkyWest Airlines,,KRNO
SkyWest Airlines,,KROA
SkyWest Airlines,,KROC
SkyWest Airlines,,KROW
SkyWest Airlines,,KRST
SkyWest Airlines,,KSAF
SkyWest Airlines,,KSAN
SkyWest Airlines,,KSAT
SkyWest Airlines,,KSAV
SkyWest Airlines,,KSBA
SkyWest Airlines,,KSBN
SkyWest Airlines,,KSBP
SkyWest Airlines,,KSDF
SkyWest Airlines,,KSEA
SkyWest Airlines,,KSFO
SkyWest Airlines,,KSGF
SkyWest Airlines,,KSGU
SkyWest Airlines,,KSHD
SkyWest Airlines,,KSHV
SkyWest Airlines,Seasonal,KSIT
SkyWest Airlines,,KSJC
SkyWest Airlines,,KSLC
SkyWest Airlines,,KSLN
SkyWest Airlines,,KSMF
SkyWest Airlines,,KSNA
SkyWest Airlines,,KSPI
SkyWest Airlines,,KSTL
SkyWest Airlines,,KSTS
SkyWest Airlines,,KSUN
SkyWest Airlines,,KSWF
SkyWest Airlines,,KSYR
SkyWest Airlines,,KTOL
SkyWest Airlines,,KTPA
SkyWest Airlines,,KTUL
SkyWest Airlines,,KTUS
SkyWest Airlines,,KTVC
SkyWest Airlines,,KTWF
SkyWest Airlines,,KTYS
SkyWest Airlines,,KUIN
SkyWest Airlines,,KUNV
SkyWest Airlines,,KVEL
SkyWest Airlines,,KVLD
SkyWest Airlines,Seasonal,KWYS
SkyWest Airlines,,KXNA
SkyWest Airlines,,KYUM
SkyWest Airlines,,CYEG
SkyWest Airlines,,CYOW
SkyWest Airlines,,CYWG
SkyWest Airlines,,CYUL
SkyWest Airlines,,CYVR
SkyWest Airlines,,CYXE
SkyWest Airlines,,CYYC
SkyWest Airlines,,CYYJ
SkyWest Airlines,,CYYZ
SkyWest Airlines,,MMHO
SkyWest Airlines,,MMLO
SkyWest Airlines,,MMMY